INSERT INTO CM_CD_MST (CD_ID, CD_DESC) VALUES ('ATH_GRD', '사용자 등급');
INSERT INTO CM_CD_MST (CD_ID, CD_DESC) VALUES ('BSS_CONF', '기본 환경 설정');
INSERT INTO CM_CD_MST (CD_ID, CD_DESC) VALUES ('CUST_INF', '고객사 정보');
INSERT INTO CM_CD_MST (CD_ID, CD_DESC) VALUES ('IO_FLG', '입출고 구분');
INSERT INTO CM_CD_MST (CD_ID, CD_DESC) VALUES ('SUP_INF', '공급사 정보');

INSERT INTO CM_CD (CD_ID, CD_VAL, CD_NM, MARK_PRIOR) VALUES ('ATH_GRD', '10', '사용자', 0);
INSERT INTO CM_CD (CD_ID, CD_VAL, CD_NM, MARK_PRIOR) VALUES ('ATH_GRD', '30', '관리자', 1);
INSERT INTO CM_CD (CD_ID, CD_VAL, CD_NM, MARK_PRIOR) VALUES ('ATH_GRD', '50', '슈퍼 관리자', 2);
INSERT INTO CM_CD (CD_ID, CD_VAL, CD_NM, MARK_PRIOR) VALUES ('CUST_INF', 'cust_add', NULL , NULL);
INSERT INTO CM_CD (CD_ID, CD_VAL, CD_NM, MARK_PRIOR) VALUES ('CUST_INF', 'cust_fax', NULL, NULL);
INSERT INTO CM_CD (CD_ID, CD_VAL, CD_NM, MARK_PRIOR) VALUES ('CUST_INF', 'cust_nm', NULL, NULL);
INSERT INTO CM_CD (CD_ID, CD_VAL, CD_NM, MARK_PRIOR) VALUES ('CUST_INF', 'cust_tel', NULL, NULL);
INSERT INTO CM_CD (CD_ID, CD_VAL, CD_NM, MARK_PRIOR) VALUES ('IO_FLG', '10', '입고', NULL);
INSERT INTO CM_CD (CD_ID, CD_VAL, CD_NM, MARK_PRIOR) VALUES ('IO_FLG', '30', '출고', NULL);
INSERT INTO CM_CD (CD_ID, CD_VAL, CD_NM, MARK_PRIOR) VALUES ('SUP_INF', 'sup_add', 'c604d2c9d65d3a7a730faa30e016e86c76ae876ce312a2d45e4fb406a7b906c3a27b3aa37d91b844', NULL);
INSERT INTO CM_CD (CD_ID, CD_VAL, CD_NM, MARK_PRIOR) VALUES ('SUP_INF', 'sup_fax', '32599562141d99074b6ab9686aa824bd', NULL);
INSERT INTO CM_CD (CD_ID, CD_VAL, CD_NM, MARK_PRIOR) VALUES ('SUP_INF', 'sup_nm', 'c3b5b227b4a112f6b4bc0a5afdbc2849ed2033e6f99b15c3693a234dc2e5ae74', NULL);
INSERT INTO CM_CD (CD_ID, CD_VAL, CD_NM, MARK_PRIOR) VALUES ('SUP_INF', 'sup_tel', '32599562141d990778c42b37f2102b3e', NULL);

INSERT INTO CM_USR_INF (USR_SEQ, LGN_ID, LGN_PW, USR_NM, TEL, ATH_GRD, NT, DEL_YN, RGN_DT, RGN_ID, EDT_DT, EDT_ID, TRN_DT, ATH_CD) VALUES (1, 'user', '1Oi+wSEkVt2pi4JgK1EfPHAXFd6Ubga8', '사용자', '031-618-3500', '10', '', 'N', '2013-01-01 00:00:00', 'user', NULL, NULL, NULL, 0);
INSERT INTO CM_USR_INF (USR_SEQ, LGN_ID, LGN_PW, USR_NM, TEL, ATH_GRD, NT, DEL_YN, RGN_DT, RGN_ID, EDT_DT, EDT_ID, TRN_DT, ATH_CD) VALUES (2, 'manager', 'EoYJZynJkOFtMI7kRhJGoIAm19sOkKRR', '관리자', '031-618-3500', '30', '', 'N', '2013-01-01 00:00:00', 'manager', NULL, NULL, NULL, 4094);
INSERT INTO CM_USR_INF (USR_SEQ, LGN_ID, LGN_PW, USR_NM, TEL, ATH_GRD, NT, DEL_YN, RGN_DT, RGN_ID, EDT_DT, EDT_ID, TRN_DT, ATH_CD) VALUES (3, 'root', 'jBEGho/HRthhQAhfoQIskjm6tcrAtPX1', '슈퍼관리자', '031-618-3500', '50', '', 'N', '2013-01-01 00:00:00', 'DEFAULT', NULL, NULL, NULL, 4094);

